animalID, age, breed, sex, color
0,4,앵무새,F,회색
1,5,먼치킨,M,노랑
2,5,말라뮤트,M,갈색
3,5,먼치킨,F,검정
4,4,스코티시 폴드,F,갈색
5,5,시츄,M,갈색
6,6,화이트테리어,M,회색
7,2,혼합,F,갈색
8,6,오리,M,흰색
9,3,터키시 앙고라,F,노랑
10,3,품종묘믹스,M,갈색
11,2,햄스터,F,노랑
12,4,코카 스파니엘,F,회색
13,5,요크셔테리어 믹스,F,회색
14,4,터키시 앙고라,F,검정
15,4,햄스터,M,흰색
16,4,치와와,M,노랑
17,4,샴,F,노랑
18,6,앵무새,F,흰색
19,6,아키다,F,검정
20,3,보더 콜리,F,회색
21,3,요크셔테리어 믹스,F,검정
22,1,잭 러셀 테리어,M,회색
23,3,캉갈,M,갈색
24,3,멘체스터테리어,F,흰색
25,5,아키다,M,회색
26,6,흑염소,F,검정
27,2,아메리칸 쇼트헤어,F,갈색
28,5,말라뮤트,M,회색
29,1,코카 스파니엘,F,흰색
30,5,기니피그,F,갈색
31,4,토끼,F,갈색
32,5,그레이트 피레니즈,M,갈색
33,1,화이트테리어,M,회색
34,1,스핑크스,M,흰색
35,5,브리타니 스파니엘,M,노랑
36,4,아키다,M,검정
37,1,닥스훈트,M,노랑
38,6,퍼그,M,노랑
39,2,잭 러셀 테리어,F,흰색
40,3,풍산견,F,노랑
41,1,오골계,M,흰색
42,6,슈나우져,F,회색
43,6,이탈리안 그레이 하운드,M,흰색
44,6,퍼그,F,흰색
45,4,혼합,M,회색
46,5,아키다,M,흰색
47,2,앵무새,F,노랑
48,1,아메리칸 쇼트헤어,F,흰색
49,3,포메라니안,M,회색
50,6,길고양이,M,회색
51,1,믹스묘,M,흰색
52,3,보스턴 테리어,F,회색
53,2,혼합,M,회색
54,2, 요크셔 테리어,M,검정
55,3,거북이,M,검정
56,5,저먼 포인터,M,갈색
57,4,고슴도치,M,노랑
58,1,혼합,F,흰색
59,3,캉갈,M,회색
60,3,아키다,M,흰색
61,1,거북이,M,검정
62,4,터키시 앙고라,F,흰색
63,4,슈나우저-진도개 믹스,M,흰색
64,4,달마시안,M,흰색
65,4,캉갈,M,갈색
66,2,포메라니안,M,흰색
67,5,브리티시 쇼트헤어,F,회색
68,1,혼합,M,검정
69,5,비숑 프리제,F,흰색
70,3,비글,F,노랑
71,5,골든 리트리버,M,노랑
72,4,달마시안,M,회색
73,1,골든 리트리버,F,노랑
74,2,미텔 스피츠,F,갈색
75,1,시츄,M,회색
76,3,보어염소,M,노랑
77,2,라브라도 리트리버,M,노랑
78,5,혼합,M,흰색
79,5,노퍽 테리어,M,갈색
80,1,라이카,F,흰색
81,1,도베르만,M,검정
82,3,치와와,M,노랑
83,4,캉갈,F,흰색
84,1,잉글리쉬 세터,M,검정
85,4,터키시 앙고라,M,노랑
86,6,페르시안-페르시안 친칠라,M,흰색
87,1,비글,F,검정
88,6,달마시안,F,흰색
89,1,치와와,F,노랑
90,1,오골계,F,갈색
91,1,말티즈,F,흰색
92,1,샴,F,갈색
93,4,레그돌,M,검정
94,6,비글,F,회색
95,2,치와와,F,검정
96,2,저먼 셰퍼드 독,M,흰색
97,6,아키다,M,갈색
98,4,그레이트 피레니즈,F,흰색
99,2,바센지,F,노랑
100,2,페르시안-페르시안 친칠라,M,갈색
101,1,보어염소,M,갈색
102,4,달마시안,M,검정
103,1,거북이,F,검정
104,2,염소,M,흰색
105,4,노르웨이 숲,F,갈색
106,4,불독,F,검정
107,4,러시안 블루,M,회색
108,6,프렌치 불독,F,회색
109,1,미텔 스피츠,F,회색
110,3,시츄,F,회색
111,3,코카 스파니엘,F,노랑
112,2,브리티시 쇼트헤어,M,흰색
113,5,라이카,F,검정
114,4,베들링턴 테리어,M,검정
115,4,라브라도 리트리버,M,노랑
116,1,품종묘믹스,F,회색
117,4,페르시안,M,검정
118,2,혼합,M,회색
119,2,그레이 하운드,F,회색
120,4,그레이 하운드,M,회색
121,5,노퍽 테리어,F,검정
122,3,페르시안-페르시안 친칠라,M,노랑
123,5,웰시 코기 펨브로크,F,노랑
124,1,브리타니 스파니엘,F,회색
125,2,스코티시 폴드,M,갈색
126,4,그레이트 피레니즈,F,검정
127,4,이탈리안 그레이 하운드,M,검정
128,2,불독,F,갈색
129,4,이탈리안 그레이 하운드,M,회색
130,4,품종묘믹스,F,흰색
131,2,라이카,M,흰색
132,2,도사,M,회색
133,4,시츄,F,회색
134,6,비글,F,갈색
135,2,발리네즈,M,노랑
136,2,염소,M,갈색
137,6,말라뮤트,F,회색
138,4,베들링턴 테리어,M,흰색
139,4,페르시안,M,갈색
140,1,리트리버 믹스,F,갈색
141,4,리트리버 믹스,F,갈색
142,4,말티푸,M,회색
143,5,토끼,M,회색
144,4,도사,M,흰색
145,3,햄스터,M,갈색
146,3,레오파드 게코,M,갈색
147,1,발바리,M,회색
148,3,도사,F,회색
149,2,염소,F,노랑
150,3,잭 러셀 테리어,F,흰색
151,1,보스턴 테리어,M,회색
152,3,도사,F,검정
153,3,잉글리쉬 세터,M,갈색
154,5,믹스,F,갈색
155,4, 요크셔 테리어,F,회색
156,3,레그돌,F,흰색
157,1,발리네즈,F,노랑
158,5,토끼,M,갈색
159,6,페르시안-페르시안 친칠라,F,갈색
160,3,말라뮤트,F,노랑
161,3,샴,M,노랑
162,3,믹스묘,M,검정
163,2,웰시 코기 카디건,F,흰색
164,3,저먼 셰퍼드 독,F,노랑
165,1,햄스터,F,검정
166,6,백한,F,갈색
167,3,브리티시 쇼트헤어,M,회색
168,6,품종묘믹스,F,갈색
169,4,잭 러셀 테리어,M,회색
170,3,러시안 블루,F,회색
171,3,닥스훈트,F,흰색
172,5,골든 리트리버,M,노랑
173,6,보더 콜리,M,회색
174,5,푸들,M,회색
175,6,달마시안,F,갈색
176,4,치와와,F,회색
177,5,라이카,M,흰색
178,4,레그돌,F,흰색
179,2,바센지,M,노랑
180,6, 요크셔 테리어,M,회색
181,3,말라뮤트,F,노랑
182,1,골든 리트리버,F,노랑
183,6,불독,F,흰색
184,3,믹스견,M,검정
185,5,도사,M,노랑
186,2,셰퍼드,M,흰색
187,1,러시안 블루,M,회색
188,6,잭 러셀 테리어,M,노랑
189,3,미텔 스피츠,F,갈색
190,6,폼피츠,F,노랑
191,4,흑염소,F,검정
192,6,화이트리트리버,M,검정
193,1,아메리칸 쇼트헤어,M,흰색
194,5,스피츠,M,흰색
195,6,스코티시 폴드,M,회색
196,1,고슴도치,M,노랑
197,6,바센지,F,흰색
198,5,레그돌,F,흰색
199,3,보더 콜리,F,회색
200,2,닥스훈트,M,노랑
201,3,노르웨이 숲,F,흰색
202,5,잭 러셀 테리어,M,흰색
203,3,발바리,F,회색
204,1,말티즈,F,흰색
205,3,치와와,F,흰색
206,6,브리티시 쇼트헤어,M,회색
207,5,말티푸,M,회색
208,4,진도견,M,갈색
209,5,베들링턴 테리어,M,갈색
210,2,슈나우져,M,노랑
211,4,풍산견,M,갈색
212,5,사모예드,M,흰색
213,6,말라뮤트,F,흰색
214,4,캉갈,F,갈색
215,6,믹스견,M,회색
216,1,푸들,F,검정
217,1,혼합,F,검정
218,2,라브라도 리트리버,F,갈색
219,1,비글,F,노랑
220,6,혼합,M,갈색
221,6,페르시안-페르시안 친칠라,M,갈색
222,1,닥스훈트,M,검정
223,1,멘체스터테리어,M,회색
224,1,하일랜드 폴드,F,흰색
225,5,그레이트 피레니즈,F,갈색
226,5,보더 콜리,F,검정
227,3,도사,M,노랑
228,5,베들링턴 테리어,M,갈색
229,6,아키다,M,흰색
230,4,골든 리트리버,M,노랑
231,1,한국 고양이,M,회색
232,5,미텔 스피츠,F,회색
233,1,믹스,F,회색
234,6,앵무새,F,흰색
235,3,스핑크스,F,노랑
236,3,셰퍼드,M,갈색
237,6,닥스훈트,F,회색
238,2,발리네즈,F,흰색
239,1,레그돌,M,갈색
240,1,레오파드 게코,M,검정
241,6,브리티시 쇼트헤어,M,갈색
242,5,보어염소,F,노랑
243,3,치와와,M,흰색
244,4,화이트테리어,F,노랑
245,1,기니피그,M,노랑
246,3,말티즈,M,흰색
247,3,러시안 블루,M,회색
248,4,말티즈,M,흰색
249,6,발바리,F,흰색
250,5,멘체스터테리어,F,갈색
251,5,저먼 포인터,M,흰색
252,2,멘체스터테리어,F,회색
253,4,스탠다드 푸들,M,노랑
254,3,브리티시 쇼트헤어,M,흰색
255,2,풍산견,F,회색
256,4,폼피츠,F,흰색
257,1,보어염소,M,갈색
258,4,비숑 프리제,F,흰색
259,3,러시안 블루,M,회색
260,6,라브라도 리트리버,F,노랑
261,4,브리티시 쇼트헤어,F,흰색
262,5,염소,M,노랑
263,4,스탠다드 푸들,M,검정
264,5,슈나우져,M,흰색
265,5,흑염소,M,검정
266,6,사모예드,F,검정
267,3,백한,M,흰색
268,4,저먼 셰퍼드 독,F,노랑
269,1,닥스훈트,M,흰색
270,2,말라뮤트,F,검정
271,5,저먼 셰퍼드 독,F,검정
272,1,삽살개,M,갈색
273,1,러시안 블루,F,회색
274,5,보어염소,F,노랑
275,4,브리타니 스파니엘,F,회색
276,5,미텔 스피츠,M,노랑
277,1,그레이트 피레니즈,F,갈색
278,6,차우차우,M,흰색
279,2,하일랜드 폴드,F,회색
280,2,퍼그,M,흰색
281,5,잉글리쉬 세터,F,검정
282,5,브리티시 쇼트헤어,M,흰색
283,2,브리타니 스파니엘,F,검정
284,4,화이트리트리버,F,검정
285,6,믹스견,F,갈색
286,4,페르시안,M,흰색
287,2,보더 콜리,F,갈색
288,4,햄스터,F,노랑
289,1,바센지,M,회색
290,2,보어염소,F,갈색
291,6,터키시 앙고라,F,노랑
292,4,올드 잉글리쉬 쉽독,M,회색
293,5,믹스,M,흰색
294,5,달마시안,M,검정
295,6,레그돌,M,흰색
296,3,백한,F,갈색
297,3,스코티시 폴드,M,갈색
298,4,셰퍼드,M,검정
299,3,셰퍼드,F,갈색
300,2,사모예드,M,회색
301,1,아키다,F,갈색
302,2,웰시 코기 펨브로크,F,검정
303,4,푸들,F,흰색
304,2,먼치킨,M,갈색
305,5,웰시 코기 카디건,F,갈색
306,5,페르시안,F,흰색
307,2,도베르만,F,검정
308,3,토끼,F,흰색
309,4,슈나우저-진도개 믹스,F,흰색
310,5,캉갈,F,검정
311,1,아메리칸 쇼트헤어,F,검정
312,2,아키다,F,회색
313,1, 요크셔 테리어,M,갈색
314,2,도사,M,갈색
315,2,염소,F,회색
316,6,퍼그,M,검정
317,2,스피츠,F,흰색
318,5,노르웨이 숲,M,회색
319,1,치와와,M,흰색
320,1,잭 러셀 테리어,F,갈색
321,3,브리타니 스파니엘,M,흰색
322,2,시츄,F,검정
323,6,터키시 앙고라,M,검정
324,6,브리티시 쇼트헤어,M,회색
325,2,셰퍼드,M,회색
326,3,멘체스터테리어,M,검정
327,5,라브라도 리트리버,M,회색
328,5,웰시 코기 펨브로크,M,갈색
329,1,스코티시 폴드,F,검정
330,6,프렌치 불독,F,검정
331,5,슈나우저-진도개 믹스,M,흰색
332,1,웰시 코기 펨브로크,M,노랑
333,5,말티푸,M,갈색
334,4,아키다,F,갈색
335,2,백한,M,검정
336,1,도사,F,흰색
337,4,스코티시 폴드,F,회색
338,2,레오파드 게코,F,갈색
339,1,시츄,F,검정
340,3,오골계,F,노랑
341,4,웰시 코기 카디건,M,회색
342,6,레그돌,M,갈색
343,1,퍼그,M,노랑
344,4,그레이트 피레니즈,M,회색
345,3,골든 리트리버,F,노랑
346,2,이탈리안 그레이 하운드,M,검정
347,3,페르시안-페르시안 친칠라,M,회색
348,6,바센지,F,회색
349,1,골든 리트리버,M,노랑
350,4,도베르만,F,검정
351,5,프렌치 불독,F,흰색
352,1,고슴도치,F,노랑
353,4,올드 잉글리쉬 쉽독,M,흰색
354,1,믹스견,F,회색
355,3, 요크셔 테리어,M,갈색
356,5,라이카,M,노랑
357,3,노퍽 테리어,F,흰색
358,4,브리티시 쇼트헤어,F,회색
359,6,페르시안,F,노랑
360,4,믹스견,F,노랑
361,4,페르시안,M,회색
362,1,멘체스터테리어,M,흰색
363,4,아메리칸 쇼트헤어,F,검정
364,3,믹스,M,흰색
365,6,진도견,M,회색
366,1,샴,M,노랑
367,4,프렌치 불독,M,흰색
368,2,오골계,M,갈색
369,6,슈나우져,F,갈색
370,4,믹스,F,흰색
371,3,캉갈,F,갈색
372,5,요크셔테리어 믹스,M,흰색
373,6,말티즈,F,흰색
374,4,슈나우저-진도개 믹스,F,회색
375,2,보어염소,M,노랑
376,5,보스턴 테리어,M,검정
377,2,염소,M,흰색
378,4,저먼 포인터,M,회색
379,5,도베르만,F,검정
380,5,화이트테리어,F,노랑
381,3,시바,F,갈색
382,6,시츄,F,노랑
383,3, 요크셔 테리어,M,검정
384,3,미텔 스피츠,M,노랑
385,2,슈나우져,F,노랑
386,1,바센지,F,회색
387,3,러시안 블루,F,회색
388,3,삽살개,F,흰색
389,4,올드 잉글리쉬 쉽독,F,갈색
390,2,고슴도치,M,노랑
391,1,그레이 하운드,F,회색
392,4,라브라도 리트리버,M,회색
393,1,리트리버 믹스,F,노랑
394,5,레그돌,F,갈색
395,5,삽살개,F,회색
396,1,코카 스파니엘,M,노랑
397,2,비숑 프리제,M,흰색
398,2,풍산견,F,검정
399,2,백한,M,갈색
400,1,오리,M,흰색
401,1,흑염소,M,검정
402,3, 요크셔 테리어,F,흰색
403,2,그레이트 피레니즈,F,흰색
404,3,셰퍼드,M,노랑
405,6,퍼그,F,노랑
406,5,혼합,F,흰색
407,5,품종묘믹스,F,갈색
408,1,핏불테리어,M,검정
409,2,고슴도치,M,노랑
410,5,시바,M,검정
411,2,포메라니안,M,검정
412,2,도베르만,F,검정
413,3,말티푸,F,흰색
414,4,하일랜드 폴드,F,갈색
415,5,요크셔테리어 믹스,F,검정
416,1,터키시 앙고라,M,노랑
417,6,풍산견,F,검정
418,3,골든 리트리버,M,노랑
419,4,코카 스파니엘,M,검정
420,1,치와와,M,회색
421,2,한국 고양이,M,회색
422,1,브리티시 쇼트헤어,F,검정
423,1,삽살개,M,회색
424,5,라브라도 리트리버,F,회색
425,3,발바리,F,검정
426,2,페르시안-페르시안 친칠라,M,갈색
427,1,하일랜드 폴드,M,노랑
428,5,웰시 코기 펨브로크,F,갈색
429,1,치와와,M,흰색
430,6,요크셔테리어 믹스,M,갈색
431,2,스피츠,F,흰색
432,2,비글,M,흰색
433,4,아키다,M,회색
434,2,닥스훈트,F,검정
435,6,올드 잉글리쉬 쉽독,M,노랑
436,5,베들링턴 테리어,F,갈색
437,4,웰시 코기 카디건,M,검정
438,4,믹스묘,F,갈색
439,5,푸들,M,검정
440,3,페르시안,F,흰색
441,6,저먼 셰퍼드 독,M,회색
442,5,브리타니 스파니엘,F,회색
443,5,믹스견,F,흰색
444,2,페르시안-페르시안 친칠라,M,노랑
445,2,슈나우저-진도개 믹스,M,검정
446,6,프렌치 불독,F,노랑
447,6,믹스,M,회색
448,6,오골계,M,노랑
449,5,슈나우져,M,흰색
450,5,달마시안,M,검정
451,4,풍산견,M,검정
452,1,도베르만,F,검정
453,5,스핑크스,F,회색
454,3,시베리안 허스키,M,갈색
455,1,차우차우,F,흰색
456,1,믹스견,F,회색
457,4,슈나우저-진도개 믹스,F,검정
458,2,먼치킨,F,흰색
459,6,노퍽 테리어,F,회색
460,3,달마시안,M,갈색
461,4,햄스터,F,흰색
462,4,길고양이,M,노랑
463,5,포메라니안,M,회색
464,1,앵무새,F,갈색
465,2,샴,F,흰색
466,3,브리타니 스파니엘,M,검정
467,1,염소,M,검정
468,4,저먼 포인터,M,갈색
469,5,푸들,M,흰색
470,5,사모예드,M,갈색
471,3,발바리,F,흰색
472,5,시베리안 허스키,F,회색
473,1,저먼 포인터,F,갈색
474,5,아키다,M,회색
475,5,요크셔테리어 믹스,M,흰색
476,3,한국 고양이,F,검정
477,2,그레이트 피레니즈,F,회색
478,2,잭 러셀 테리어,M,흰색
479,6,한국 고양이,F,흰색
480,4,베들링턴 테리어,M,노랑
481,2,그레이 하운드,F,회색
482,6,앵무새,M,흰색
483,6,라브라도 리트리버,M,검정
484,6,화이트테리어,F,검정
485,4,리트리버 믹스,M,갈색
486,1,발리네즈,F,회색
487,3,바센지,M,갈색
488,2,말티푸,M,갈색
489,3,닥스훈트,M,검정
490,4,프렌치 불독,M,회색
491,6,닥스훈트,M,흰색
492,1,비숑 프리제,M,흰색
493,5,셰퍼드,M,갈색
494,4,시바,M,노랑
495,3,폼피츠,M,노랑
496,3,믹스견,F,검정
497,3,시베리안 허스키,F,갈색
498,3,러시안 블루,M,회색
499,6,페르시안,M,갈색
500,3,먼치킨,M,검정
501,2,레그돌,F,갈색
502,2,거북이,M,검정
503,2,퍼그,F,흰색
504,1,비숑 프리제,F,흰색
505,5,바센지,F,회색
506,4,캉갈,F,흰색
507,3,웰시 코기 카디건,F,회색
508,2,저먼 셰퍼드 독,M,흰색
509,5,흑염소,M,검정
510,1,기니피그,F,검정
511,4,스핑크스,F,회색
512,3,베들링턴 테리어,M,회색
513,2,미텔 스피츠,M,검정
514,6,발바리,M,갈색
515,4,먼치킨,M,갈색
516,1,터키시 앙고라,F,회색
517,1,베들링턴 테리어,F,갈색
518,5,저먼 셰퍼드 독,M,회색
519,1,화이트테리어,M,회색
520,4,미텔 스피츠,M,노랑
521,1,터키시 앙고라,M,갈색
522,6,보더 콜리,M,갈색
523,5,흑염소,M,검정
524,6,말티푸,F,노랑
525,2,페르시안-페르시안 친칠라,F,흰색
526,1,미텔 스피츠,M,흰색
527,5,저먼 포인터,F,검정
528,5,믹스견,M,흰색
529,1,말라뮤트,M,노랑
530,5,프렌치 불독,F,회색
531,2,말티푸,M,회색
532,3,브리티시 쇼트헤어,M,노랑
533,3,포메라니안,F,갈색
534,1,한국 고양이,F,갈색
535,3,사모예드,M,회색
536,6,말티푸,M,회색
537,3,페르시안-페르시안 친칠라,F,갈색
538,3,스피츠,M,흰색
539,6,시바,F,회색
540,3,발리네즈,F,흰색
541,1,아키다,F,회색
542,2,발리네즈,F,회색
543,3,올드 잉글리쉬 쉽독,M,노랑
544,6,골든 리트리버,F,노랑
545,2,그레이트 피레니즈,M,흰색
546,5,브리타니 스파니엘,M,갈색
547,5,저먼 셰퍼드 독,M,검정
548,4,앵무새,M,흰색
549,1,푸들,M,회색
550,1, 요크셔 테리어,M,갈색
551,5,백한,M,노랑
552,6,레오파드 게코,M,흰색
553,4,그레이트 피레니즈,F,갈색
554,5,골든 리트리버,M,노랑
555,2,오리,M,흰색
556,4,말티푸,M,검정
557,1,터키시 앙고라,F,회색
558,3,그레이 하운드,F,회색
559,4,푸들,F,갈색
560,2,백한,M,흰색
561,6,토끼,M,검정
562,1,라이카,M,흰색
563,2,사모예드,F,노랑
564,2,라브라도 리트리버,M,검정
565,6,저먼 포인터,F,갈색
566,2,햄스터,M,노랑
567,3,혼합,M,노랑
568,1,불독,M,흰색
569,3,말티푸,M,검정
570,3,잭 러셀 테리어,M,흰색
571,6,오골계,F,갈색
572,5,이탈리안 그레이 하운드,M,회색
573,4,레그돌,M,갈색
574,2,그레이 하운드,F,회색
575,2,믹스견,F,회색
576,4,리트리버 믹스,M,흰색
577,6,포메라니안,M,검정
578,5,진도견,M,회색
579,2,혼합,F,회색
580,6,그레이 하운드,F,회색
581,1,한국 고양이,F,흰색
582,1,화이트테리어,M,검정
583,4,도사,F,회색
584,1,저먼 포인터,M,검정
585,1,차우차우,F,갈색
586,5,달마시안,F,검정
587,4,슈나우저-진도개 믹스,F,노랑
588,5,웰시 코기 펨브로크,F,흰색
589,5,올드 잉글리쉬 쉽독,M,흰색
590,2,비글,M,흰색
591,1,슈나우저-진도개 믹스,F,흰색
592,5,저먼 포인터,F,검정
593,4,염소,M,노랑
594,5,잉글리쉬 세터,F,노랑
595,2,혼합,F,흰색
596,6,흑염소,F,검정
597,2,베들링턴 테리어,M,회색
598,5,슈나우져,M,갈색
599,6,불독,F,노랑
600,4,삽살개,M,회색
601,5,풍산견,F,갈색
602,5,베들링턴 테리어,M,갈색
603,4,요크셔테리어 믹스,M,갈색
604,4,한국 고양이,M,노랑
605,1,스탠다드 푸들,M,검정
606,5,라브라도 리트리버,M,흰색
607,3,진도견,F,갈색
608,2, 요크셔 테리어,M,검정
609,5,염소,F,노랑
610,1, 요크셔 테리어,M,검정
611,3,비글,F,검정
612,1,염소,M,회색
613,2,시베리안 허스키,M,검정
614,2,토끼,F,노랑
615,5,브리티시 쇼트헤어,M,흰색
616,1,먼치킨,F,검정
617,5,터키시 앙고라,M,노랑
618,5,도사,F,회색
619,6,스핑크스,F,갈색
620,2,샴,M,노랑
621,4,보스턴 테리어,M,흰색
622,5,앵무새,F,검정
623,1,스코티시 폴드,M,갈색
624,4,퍼그,M,회색
625,2,캉갈,M,회색
626,2,올드 잉글리쉬 쉽독,M,갈색
627,1,차우차우,F,검정
628,3,올드 잉글리쉬 쉽독,M,회색
629,2,아메리칸 쇼트헤어,F,갈색
630,6,달마시안,M,노랑
631,3,요크셔테리어 믹스,F,노랑
632,1,말티즈,M,흰색
633,3,리트리버 믹스,M,검정
634,4,하일랜드 폴드,F,검정
635,2,핏불테리어,M,노랑
636,2,퍼그,M,회색
637,6,화이트리트리버,M,흰색
638,6,핏불테리어,F,흰색
639,5,하일랜드 폴드,F,흰색
640,2,달마시안,F,노랑
641,2,앵무새,F,갈색
642,5,오골계,F,노랑
643,3,풍산견,F,회색
644,5,도베르만,F,검정
645,1,믹스,M,검정
646,5,화이트테리어,F,노랑
647,4,스탠다드 푸들,F,흰색
648,1,흑염소,F,검정
649,6,사모예드,M,흰색
650,2,백한,M,갈색
651,6,라브라도 리트리버,M,흰색
652,1,화이트리트리버,M,회색
653,2,베들링턴 테리어,M,갈색
654,1,치와와,M,흰색
655,2,차우차우,F,노랑
656,5,골든 리트리버,M,노랑
657,4,비글,M,흰색
658,2,비숑 프리제,F,흰색
659,6,스핑크스,F,검정
660,5,보스턴 테리어,M,검정
661,5,페르시안,F,흰색
662,6,품종묘믹스,F,회색
663,3,거북이,F,검정
664,5,멘체스터테리어,M,회색
665,4,웰시 코기 카디건,M,검정
666,3,베들링턴 테리어,M,검정
667,6,올드 잉글리쉬 쉽독,F,노랑
668,5,아키다,M,검정
669,1,화이트리트리버,M,노랑
670,5,보스턴 테리어,F,회색
671,1,슈나우져,F,노랑
672,4,진도견,M,검정
673,1,그레이트 피레니즈,F,회색
674,3,코카 스파니엘,M,노랑
675,5,멘체스터테리어,M,회색
676,6,골든 리트리버,F,노랑
677,4,그레이 하운드,F,회색
678,3,보어염소,M,갈색
679,5,멘체스터테리어,M,흰색
680,5,페르시안-페르시안 친칠라,F,갈색
681,5,포메라니안,M,회색
682,4,오리,M,흰색
683,3,사모예드,M,노랑
684,1,요크셔테리어 믹스,M,흰색
685,1,진도견,M,검정
686,6,한국 고양이,F,검정
687,4,보어염소,M,회색
688,1,슈나우저-진도개 믹스,M,노랑
689,3,앵무새,F,노랑
690,1,브리티시 쇼트헤어,F,흰색
691,5,사모예드,F,흰색
692,5,페르시안,M,갈색
693,5,도사,M,검정
694,6,풍산견,M,갈색
695,4,저먼 셰퍼드 독,F,흰색
696,4,레그돌,F,회색
697,4,차우차우,F,흰색
698,1,흑염소,F,검정
699,3,불독,F,흰색
700,3, 요크셔 테리어,M,검정
701,3,앵무새,M,회색
702,2,레오파드 게코,M,갈색
703,3,믹스묘,F,흰색
704,6,프렌치 불독,F,흰색
705,5,그레이트 피레니즈,F,갈색
706,3,보어염소,F,노랑
707,5,스탠다드 푸들,F,검정
708,6,닥스훈트,F,검정
709,3,믹스묘,M,흰색
710,6,차우차우,M,회색
711,4,고슴도치,M,노랑
712,2,그레이 하운드,M,회색
713,2,슈나우저-진도개 믹스,M,검정
714,1,레그돌,F,회색
715,1,레오파드 게코,F,노랑
716,4,먼치킨,M,노랑
717,4,잉글리쉬 세터,F,검정
718,1,백한,F,노랑
719,4,거북이,M,검정
720,4,아메리칸 쇼트헤어,M,회색
721,1,그레이트 피레니즈,F,흰색
722,3,시베리안 허스키,M,회색
723,2,믹스,F,흰색
724,1,저먼 셰퍼드 독,F,검정
725,4,아메리칸 쇼트헤어,F,검정
726,1,요크셔테리어 믹스,M,갈색
727,1,페르시안,F,갈색
728,2,화이트리트리버,F,흰색
729,2,화이트리트리버,M,노랑
730,5,폼피츠,M,갈색
731,3,발리네즈,F,검정
732,2,달마시안,M,노랑
733,1,말티즈,M,흰색
734,2,풍산견,M,노랑
735,2,저먼 포인터,F,검정
736,3,요크셔테리어 믹스,M,노랑
737,1,핏불테리어,F,노랑
738,1,화이트테리어,F,검정
739,3,바센지,M,검정
740,2,말라뮤트,F,노랑
741,6,멘체스터테리어,M,회색
742,3,믹스견,F,회색
743,4,불독,M,회색
744,4,발바리,F,회색
745,2,웰시 코기 카디건,M,노랑
746,5,저먼 포인터,F,회색
747,6,화이트리트리버,F,갈색
748,5,말티즈,F,흰색
749,5,페르시안,M,회색
750,2,푸들,F,흰색
751,2,페르시안-페르시안 친칠라,F,갈색
752,1,그레이 하운드,M,회색
753,2,베들링턴 테리어,F,검정
754,3,잉글리쉬 세터,F,노랑
755,4,백한,M,회색
756,4,스탠다드 푸들,F,갈색
757,2,화이트테리어,F,검정
758,2,도베르만,F,검정
759,3,웰시 코기 펨브로크,F,갈색
760,6,요크셔테리어 믹스,M,검정
761,2,라이카,M,회색
762,5,품종묘믹스,F,회색
763,3,멘체스터테리어,F,노랑
764,6,터키시 앙고라,M,검정
765,1,포메라니안,F,갈색
766,5,화이트테리어,M,노랑
767,4,발리네즈,M,흰색
768,2,사모예드,F,갈색
769,5,염소,F,검정
770,1,오리,M,흰색
771,4,믹스,F,갈색
772,4,아키다,F,노랑
773,5,코카 스파니엘,M,노랑
774,3,퍼그,M,회색
775,5,하일랜드 폴드,F,검정
776,4,시바,M,검정
777,3,오리,F,흰색
778,4,비숑 프리제,M,흰색
779,6,발바리,F,흰색
780,1,미텔 스피츠,F,노랑
781,6,스피츠,M,흰색
782,2,한국 고양이,F,노랑
783,3,오골계,M,회색
784,6,흑염소,M,검정
785,6,페르시안-페르시안 친칠라,M,회색
786,4,아키다,M,갈색
787,3,길고양이,M,갈색
788,4,앵무새,F,검정
789,1,거북이,F,검정
790,6,오골계,M,흰색
791,4,푸들,M,회색
792,4,슈나우저-진도개 믹스,M,갈색
793,5,보어염소,F,갈색
794,3,아키다,M,검정
795,2,페르시안-페르시안 친칠라,M,노랑
796,3,치와와,F,회색
797,4,라브라도 리트리버,M,검정
798,6,아키다,F,노랑
799,4,흑염소,M,검정
800,4,토끼,F,검정
801,5,말티푸,F,노랑
802,6,멘체스터테리어,M,흰색
803,5,그레이 하운드,M,회색
804,4,스코티시 폴드,F,노랑
805,6,라이카,M,검정
806,1,리트리버 믹스,M,노랑
807,3,말티푸,M,노랑
808,4,샴,F,회색
809,3,레오파드 게코,M,갈색
810,3,토끼,M,흰색
811,3,오리,F,흰색
812,1,노르웨이 숲,F,검정
813,2,달마시안,F,갈색
814,3,도베르만,M,검정
815,3,스코티시 폴드,M,흰색
816,5,비숑 프리제,M,흰색
817,4,그레이트 피레니즈,M,검정
818,5,라이카,M,회색
819,3,올드 잉글리쉬 쉽독,M,노랑
820,2,노르웨이 숲,M,검정
821,6,브리타니 스파니엘,M,회색
822,3,라이카,F,흰색
823,2,캉갈,M,검정
824,5,골든 리트리버,F,노랑
825,6,멘체스터테리어,F,흰색
826,1,달마시안,M,흰색
827,4, 요크셔 테리어,M,회색
828,3,말티즈,M,흰색
829,4,요크셔테리어 믹스,F,갈색
830,5,차우차우,F,노랑
831,3,보스턴 테리어,F,갈색
832,3,달마시안,F,회색
833,2,스탠다드 푸들,M,검정
834,1,불독,F,흰색
835,5,풍산견,F,갈색
836,5,보더 콜리,M,검정
837,2,말티푸,M,회색
838,6,한국 고양이,M,흰색
839,1,러시안 블루,F,회색
840,5, 요크셔 테리어,F,회색
841,3,한국 고양이,M,검정
842,1,차우차우,M,흰색
843,4,노퍽 테리어,M,검정
844,4,저먼 포인터,F,갈색
845,5,요크셔테리어 믹스,F,갈색
846,2,거북이,M,검정
847,2,저먼 셰퍼드 독,F,흰색
848,5,화이트테리어,M,흰색
849,4,오골계,M,검정
850,6,요크셔테리어 믹스,F,갈색
851,2,잭 러셀 테리어,F,노랑
852,1,레그돌,M,갈색
853,3,그레이트 피레니즈,M,검정
854,2,브리타니 스파니엘,M,회색
855,3,시츄,F,노랑
856,1,오리,F,흰색
857,2,닥스훈트,M,노랑
858,1,발바리,F,검정
859,1,오골계,M,검정
860,6,그레이트 피레니즈,M,흰색
861,3,베들링턴 테리어,F,갈색
862,2,거북이,M,검정
863,2,포메라니안,M,흰색
864,4,샴,M,노랑
865,6,햄스터,F,검정
866,1,비숑 프리제,F,흰색
867,1,앵무새,F,노랑
868,6,베들링턴 테리어,F,갈색
869,3,보어염소,M,회색
870,5,그레이트 피레니즈,F,회색
871,6,페르시안,M,흰색
872,4,잉글리쉬 세터,M,검정
873,5,코카 스파니엘,M,흰색
874,5,폼피츠,M,흰색
875,6,리트리버 믹스,M,회색
876,3,캉갈,F,검정
877,3,아메리칸 쇼트헤어,M,회색
878,1,그레이 하운드,M,회색
879,6,백한,M,검정
880,5,라이카,F,갈색
881,3,믹스묘,F,노랑
882,5,혼합,F,노랑
883,1,이탈리안 그레이 하운드,M,회색
884,6,라브라도 리트리버,M,검정
885,1,이탈리안 그레이 하운드,F,노랑
886,5,염소,F,흰색
887,5,아키다,F,갈색
888,4,혼합,F,회색
889,6,저먼 셰퍼드 독,F,노랑
890,4,아키다,M,갈색
891,3,말티즈,F,흰색
892,6,말티푸,M,회색
893,6,요크셔테리어 믹스,F,검정
894,2,라이카,F,노랑
895,5,앵무새,M,회색
896,1,닥스훈트,M,흰색
897,5,혼합,M,흰색
898,1,비숑 프리제,M,흰색
899,6,오골계,M,노랑
900,5,캉갈,M,갈색
901,4,라이카,M,검정
902,2,스탠다드 푸들,M,회색
903,1,보스턴 테리어,M,갈색
904,1,염소,F,노랑
905,4,슈나우저-진도개 믹스,F,흰색
906,2,라이카,F,노랑
907,5,라이카,F,흰색
908,4,차우차우,F,흰색
909,6,진도견,M,갈색
910,3,한국 고양이,F,검정
911,1,삽살개,M,갈색
912,5,레오파드 게코,M,노랑
913,5,핏불테리어,F,갈색
914,1,앵무새,M,흰색
915,4,말티즈,M,흰색
916,4,리트리버 믹스,F,검정
917,5,브리티시 쇼트헤어,F,노랑
918,2,브리티시 쇼트헤어,F,갈색
919,6,풍산견,M,흰색
920,6,스탠다드 푸들,M,흰색
921,4,치와와,F,회색
922,5,러시안 블루,F,회색
923,5,품종묘믹스,F,흰색
924,1,바센지,M,검정
925,5,보어염소,F,흰색
926,6,염소,M,흰색
927,4,발바리,F,노랑
928,6,말라뮤트,F,검정
929,4,이탈리안 그레이 하운드,M,갈색
930,3,보어염소,F,검정
931,3,보더 콜리,F,검정
932,3,그레이트 피레니즈,F,흰색
933,4,캉갈,M,노랑
934,5,러시안 블루,M,회색
935,1,슈나우져,M,흰색
936,2,바센지,F,회색
937,4,흑염소,F,검정
938,6,믹스견,M,노랑
939,6,시베리안 허스키,F,검정
940,2,골든 리트리버,M,노랑
941,6,보스턴 테리어,M,갈색
942,2,페르시안-페르시안 친칠라,F,검정
943,1,혼합,F,갈색
944,6,거북이,M,검정
945,4,길고양이,M,검정
946,4,시베리안 허스키,M,흰색
947,2,푸들,M,흰색
948,4,브리티시 쇼트헤어,F,검정
949,4,레오파드 게코,F,흰색
950,5,믹스,F,갈색
951,1,차우차우,M,노랑
952,1,스피츠,M,흰색
953,5,터키시 앙고라,M,갈색
954,2,리트리버 믹스,F,검정
955,6,앵무새,F,흰색
956,3,혼합,M,회색
957,6,차우차우,F,노랑
958,1,골든 리트리버,F,노랑
959,4,코카 스파니엘,F,검정
960,6,스코티시 폴드,M,갈색
961,4,폼피츠,M,흰색
962,2,비글,M,흰색
963,2,스코티시 폴드,F,흰색
964,1,저먼 포인터,F,검정
965,3,스코티시 폴드,M,검정
966,4, 요크셔 테리어,F,갈색
967,3,슈나우저-진도개 믹스,F,갈색
968,4,스탠다드 푸들,F,갈색
969,3,진도견,F,검정
970,2,베들링턴 테리어,F,회색
971,1,브리티시 쇼트헤어,M,검정
972,2,아메리칸 쇼트헤어,M,흰색
973,6,백한,M,노랑
974,5,오골계,F,갈색
975,5,믹스,M,검정
976,1,시츄,F,흰색
977,5,노르웨이 숲,M,노랑
978,2,한국 고양이,F,갈색
979,2,포메라니안,F,검정
980,2,핏불테리어,M,갈색
981,6,비숑 프리제,F,흰색
982,4,스코티시 폴드,F,흰색
983,1,발리네즈,F,회색
984,5, 요크셔 테리어,M,검정
985,6,혼합,M,갈색
986,6,비글,M,회색
987,3,흑염소,F,검정
988,1,캉갈,F,검정
989,2,푸들,M,검정
990,2,레오파드 게코,M,갈색
991,2,차우차우,F,검정
992,1,거북이,M,검정
993,5,발리네즈,M,흰색
994,6,길고양이,M,검정
995,1,터키시 앙고라,M,회색
996,2,캉갈,M,노랑
997,5,코카 스파니엘,M,갈색
998,1,차우차우,F,노랑
999,4,올드 잉글리쉬 쉽독,M,검정
1000,3,토끼,F,흰색
1001,5,바센지,F,검정
1002,2,스탠다드 푸들,F,흰색
1003,2,코카 스파니엘,M,흰색
1004,4,앵무새,M,검정
1005,4,오골계,F,검정
1006,6,브리티시 쇼트헤어,M,검정
1007,6,스탠다드 푸들,M,노랑
1008,4,오리,F,흰색
1009,1,말티즈,M,흰색
1010,1,멘체스터테리어,F,갈색
1011,3,발바리,F,흰색
1012,5,슈나우저-진도개 믹스,M,회색
1013,2,베들링턴 테리어,M,회색
1014,4,슈나우저-진도개 믹스,M,갈색
1015,3,페르시안,M,갈색
1016,5,흑염소,M,검정
1017,1,고슴도치,M,노랑
1018,3,보더 콜리,M,검정
1019,5,잭 러셀 테리어,M,갈색
1020,3,흑염소,M,검정
1021,1,품종묘믹스,F,검정
1022,5,스핑크스,F,흰색
1023,3,풍산견,M,노랑
1024,4,터키시 앙고라,F,갈색
1025,2,혼합,F,노랑
1026,2,불독,M,노랑
1027,2,코카 스파니엘,F,갈색
1028,3,햄스터,F,회색
1029,1,웰시 코기 카디건,F,회색
1030,4,웰시 코기 펨브로크,F,흰색
1031,5,한국 고양이,F,검정
1032,3,햄스터,M,회색
1033,6,이탈리안 그레이 하운드,F,노랑
1034,6,레그돌,M,검정
1035,2,스탠다드 푸들,F,흰색
1036,3,염소,F,갈색
1037,5,시바,M,갈색
1038,6,달마시안,M,회색
1039,3,오골계,F,검정
1040,6,보더 콜리,M,노랑
1041,3,푸들,M,흰색
1042,4,핏불테리어,M,회색
1043,4,슈나우저-진도개 믹스,F,갈색
1044,2,샴,M,흰색
1045,6,품종묘믹스,M,갈색
1046,2,미텔 스피츠,F,흰색
1047,1,풍산견,M,검정
1048,6,기니피그,M,갈색
1049,2,불독,M,흰색
1050,3,오골계,M,갈색
1051,1,스피츠,F,흰색
1052,1,시츄,F,흰색
1053,1,비숑 프리제,F,흰색
1054,4,오리,F,흰색
1055,5, 요크셔 테리어,M,갈색
1056,3,품종묘믹스,F,회색
1057,1,품종묘믹스,F,검정
1058,1,라브라도 리트리버,F,노랑
1059,6,한국 고양이,F,노랑
1060,1,아메리칸 쇼트헤어,F,갈색
1061,2,믹스견,F,노랑
1062,3,말티즈,M,흰색
1063,2,샴,F,노랑
1064,3,기니피그,M,흰색
1065,3,캉갈,M,검정
1066,4,레그돌,M,검정
1067,3,시츄,F,흰색
1068,6,백한,M,검정
1069,5,비글,M,노랑
1070,4,발바리,M,회색
1071,3,샴,F,회색
1072,1,골든 리트리버,M,노랑
1073,4,잉글리쉬 세터,F,검정
1074,6,라브라도 리트리버,F,흰색
1075,1,흑염소,M,검정
1076,3,그레이 하운드,M,회색
1077,1,오골계,M,회색
1078,3,믹스묘,M,갈색
1079,3,그레이트 피레니즈,F,갈색
1080,2,그레이트 피레니즈,M,검정
1081,6,차우차우,M,회색
1082,4,시바,M,갈색
1083,3,흑염소,F,검정
1084,1,웰시 코기 펨브로크,M,갈색
1085,4,혼합,F,노랑
1086,5,폼피츠,M,회색
1087,1,노퍽 테리어,M,검정
1088,5,웰시 코기 펨브로크,F,검정
1089,6,코카 스파니엘,F,노랑
1090,3,시베리안 허스키,M,검정
1091,3,길고양이,F,회색
1092,5,진도견,M,흰색
1093,6,불독,F,검정
1094,3,혼합,M,회색
1095,6,그레이트 피레니즈,M,흰색
1096,6,한국 고양이,M,노랑
1097,4,라브라도 리트리버,F,노랑
1098,5,라브라도 리트리버,M,검정
1099,6,샴,F,회색
1100,3,페르시안-페르시안 친칠라,M,검정
1101,1,아메리칸 쇼트헤어,F,갈색
1102,5,혼합,M,노랑
1103,6,오골계,F,노랑
1104,2,브리티시 쇼트헤어,F,흰색
1105,4,미텔 스피츠,F,갈색
1106,1,풍산견,F,갈색
1107,1,앵무새,F,노랑
1108,3, 요크셔 테리어,F,회색
1109,3,한국 고양이,M,노랑
1110,3,화이트테리어,F,회색
1111,1,그레이 하운드,F,회색
1112,4,치와와,F,흰색
1113,5,터키시 앙고라,F,노랑
1114,2,레그돌,M,회색
1115,3,앵무새,M,노랑
1116,3,햄스터,M,회색
1117,3,라이카,F,노랑
1118,5,저먼 셰퍼드 독,F,검정
1119,4,화이트테리어,F,회색
1120,3,올드 잉글리쉬 쉽독,M,흰색
1121,6,삽살개,M,갈색
1122,6,길고양이,M,노랑
1123,4,발리네즈,F,회색
1124,3,멘체스터테리어,F,갈색
1125,6,저먼 셰퍼드 독,F,회색
1126,5,흑염소,M,검정
1127,1,화이트리트리버,F,노랑
1128,4,스피츠,M,흰색
1129,6,품종묘믹스,F,갈색
1130,4,셰퍼드,M,회색
1131,3,웰시 코기 카디건,F,검정
1132,4,고슴도치,M,노랑
1133,1,한국 고양이,M,갈색
1134,4,샴,M,노랑
1135,6,흑염소,M,검정
1136,5,노퍽 테리어,M,갈색
1137,2,고슴도치,M,노랑
1138,5,믹스,F,노랑
1139,5,샴,F,흰색
1140,5,잉글리쉬 세터,F,노랑
1141,3,한국 고양이,F,흰색
1142,6,햄스터,F,회색
1143,6,잉글리쉬 세터,M,회색
1144,3,리트리버 믹스,M,갈색
1145,3,백한,M,노랑
1146,5,토끼,F,검정
1147,2,비숑 프리제,F,흰색
1148,2,믹스,M,갈색
1149,4,스탠다드 푸들,F,노랑
1150,3,퍼그,M,회색
1151,3,골든 리트리버,M,노랑
1152,5,라이카,F,갈색
1153,4,먼치킨,M,갈색
1154,3,믹스묘,M,회색
1155,5,시츄,M,노랑
1156,5,스탠다드 푸들,F,회색
1157,4,레오파드 게코,F,검정
1158,4,이탈리안 그레이 하운드,M,노랑
1159,5,러시안 블루,M,회색
1160,3,보스턴 테리어,F,갈색
1161,5,바센지,F,갈색
1162,2,아메리칸 쇼트헤어,F,회색
1163,4,레그돌,F,검정
1164,1,고슴도치,F,노랑
1165,4,먼치킨,M,흰색
1166,5,포메라니안,F,흰색
1167,3,베들링턴 테리어,M,검정
1168,1,말티즈,F,흰색
1169,1,토끼,M,노랑
1170,1,믹스견,M,검정
1171,1,흑염소,M,검정
1172,5,화이트테리어,M,흰색
1173,6,닥스훈트,M,흰색
1174,6,발리네즈,F,검정
1175,3,혼합,F,흰색
1176,1,염소,M,검정
1177,4,레그돌,F,갈색
1178,4,시베리안 허스키,F,회색
1179,4,비글,F,회색
1180,4,올드 잉글리쉬 쉽독,M,노랑
1181,6,이탈리안 그레이 하운드,M,갈색
1182,3,혼합,M,갈색
1183,2,스핑크스,M,흰색
1184,2,삽살개,M,갈색
1185,2,라브라도 리트리버,M,노랑
1186,3,멘체스터테리어,M,노랑
1187,2,비숑 프리제,M,흰색
1188,5,스피츠,M,흰색
1189,5,삽살개,M,검정
1190,6,셰퍼드,M,갈색
1191,5,터키시 앙고라,F,회색
1192,3,라브라도 리트리버,M,검정
1193,4,퍼그,F,흰색
1194,6,베들링턴 테리어,F,검정
1195,4,베들링턴 테리어,F,갈색
1196,4,골든 리트리버,F,노랑
1197,3,길고양이,F,회색
1198,6,웰시 코기 펨브로크,F,갈색
1199,6,올드 잉글리쉬 쉽독,F,검정
1200,5,믹스묘,F,노랑
1201,6,흑염소,F,검정
1202,2,비숑 프리제,M,흰색
1203,3,브리타니 스파니엘,F,노랑
1204,6,기니피그,M,갈색
1205,6,믹스견,F,갈색
1206,6,골든 리트리버,M,노랑
1207,3,퍼그,F,회색
1208,5,포메라니안,M,흰색
1209,3,아메리칸 쇼트헤어,F,흰색
1210,5,러시안 블루,M,회색
1211,2,시바,F,검정
1212,3,베들링턴 테리어,F,흰색
1213,6,혼합,M,갈색
1214,1,고슴도치,M,노랑
1215,4,도사,M,회색
1216,2,포메라니안,F,회색
1217,6,저먼 셰퍼드 독,F,노랑
1218,4,미텔 스피츠,M,노랑
1219,4,진도견,M,흰색
1220,1,진도견,M,흰색
1221,1,햄스터,F,검정
1222,4,말라뮤트,F,갈색
1223,6,발바리,M,검정
1224,2,슈나우져,F,흰색
1225,6,믹스묘,M,회색
1226,3,말라뮤트,M,회색
1227,4,베들링턴 테리어,F,회색
1228,6,믹스견,M,검정
1229,6,올드 잉글리쉬 쉽독,M,흰색
1230,3,저먼 셰퍼드 독,M,갈색
1231,3,웰시 코기 카디건,F,회색
1232,2,삽살개,F,흰색
1233,5,삽살개,M,노랑
1234,3,웰시 코기 펨브로크,M,갈색
1235,2,믹스견,F,흰색
1236,4,오골계,F,노랑
1237,2,보더 콜리,F,갈색
1238,5,베들링턴 테리어,M,갈색
1239,2,웰시 코기 펨브로크,M,검정
1240,4,비글,F,회색
1241,1,폼피츠,F,노랑
1242,1,비글,F,회색
1243,6,불독,F,노랑
1244,6,요크셔테리어 믹스,M,검정
1245,2,비숑 프리제,F,흰색
1246,2,거북이,M,검정
1247,4,앵무새,M,흰색
1248,6,불독,F,검정
1249,4,도사,F,흰색
1250,3,불독,F,검정
1251,4,샴,F,노랑
1252,6,말티즈,F,흰색
1253,6,요크셔테리어 믹스,M,검정
1254,3,삽살개,F,갈색
1255,1,코카 스파니엘,F,갈색
1256,3,아메리칸 쇼트헤어,F,노랑
1257,2,스코티시 폴드,M,갈색
1258,4,치와와,M,검정
1259,4,브리타니 스파니엘,F,갈색
1260,5,믹스묘,F,노랑
1261,6,비숑 프리제,F,흰색
1262,1,페르시안-페르시안 친칠라,M,노랑
1263,5,퍼그,M,검정
1264,3,푸들,F,회색
1265,4,그레이 하운드,F,회색
1266,2,염소,M,갈색
1267,1,멘체스터테리어,M,노랑
1268,5,폼피츠,M,갈색
1269,2,차우차우,F,갈색
1270,3,스탠다드 푸들,F,갈색
1271,1,보스턴 테리어,M,흰색
1272,4,발바리,F,갈색
1273,6,말티즈,F,흰색
1274,1,오리,M,흰색
1275,3,시츄,M,검정
1276,3,흑염소,F,검정
1277,6,라브라도 리트리버,M,회색
1278,5,골든 리트리버,F,노랑
1279,6,레그돌,M,흰색
1280,6,그레이 하운드,M,회색
1281,3,염소,F,노랑
1282,2,차우차우,F,회색
1283,6,웰시 코기 카디건,M,갈색
1284,3,불독,M,흰색
1285,5,베들링턴 테리어,M,검정
1286,4, 요크셔 테리어,F,갈색
1287,3,염소,M,갈색
1288,4,비숑 프리제,F,흰색
1289,2,포메라니안,M,흰색
1290,2,저먼 포인터,F,흰색
1291,3,발리네즈,M,갈색
1292,5,한국 고양이,M,검정
1293,2,베들링턴 테리어,F,흰색
1294,4,풍산견,F,회색
1295,3,리트리버 믹스,F,흰색
1296,4,페르시안,M,흰색
1297,2,말티즈,M,흰색
1298,5,레오파드 게코,M,노랑
1299,6,비숑 프리제,F,흰색
1300,2,페르시안,F,흰색
1301,2,비숑 프리제,M,흰색
1302,2,햄스터,F,갈색
1303,4,믹스,F,흰색
1304,5,저먼 포인터,F,갈색
1305,4,올드 잉글리쉬 쉽독,F,검정
1306,6,폼피츠,F,노랑
1307,5,폼피츠,M,검정
1308,1,앵무새,F,검정
1309,6,한국 고양이,M,노랑
1310,6,노르웨이 숲,M,노랑
1311,3,스코티시 폴드,F,회색
1312,1,아메리칸 쇼트헤어,F,갈색
1313,5,페르시안,M,흰색
1314,2,브리타니 스파니엘,M,갈색
1315,3,진도견,M,갈색
1316,2,시츄,M,흰색
1317,3,프렌치 불독,F,흰색
1318,1,품종묘믹스,M,노랑
1319,4,보어염소,F,회색
1320,4,라이카,F,검정
1321,4,한국 고양이,M,회색
1322,2,도베르만,M,검정
1323,1,웰시 코기 카디건,F,검정
1324,4,흑염소,M,검정
1325,4,레그돌,F,회색
1326,3,사모예드,M,회색
1327,1,차우차우,F,검정
1328,5,보스턴 테리어,M,회색
1329,2,시베리안 허스키,F,흰색
1330,5,믹스견,M,회색
1331,6,푸들,F,흰색
1332,5,푸들,M,회색
1333,6,풍산견,M,회색
1334,2,믹스견,M,노랑
1335,2,토끼,M,회색
1336,1,요크셔테리어 믹스,M,흰색
1337,2,포메라니안,M,갈색
1338,4,햄스터,F,노랑
1339,5,길고양이,F,노랑
1340,5,레그돌,M,검정
1341,2,브리티시 쇼트헤어,M,흰색
1342,1,백한,M,흰색
1343,5,페르시안-페르시안 친칠라,M,검정
1344,6,말티푸,F,갈색
1345,3,비글,F,갈색
1346,6,불독,M,노랑
1347,3,말라뮤트,M,갈색
1348,4,보스턴 테리어,M,회색
1349,5,셰퍼드,F,갈색
1350,1,차우차우,M,검정
1351,3,레그돌,M,갈색
1352,2,말라뮤트,F,검정
1353,2,라브라도 리트리버,F,검정
1354,5,혼합,F,갈색
1355,3,흑염소,M,검정
1356,4,비숑 프리제,M,흰색
1357,2,캉갈,M,회색
1358,4,저먼 포인터,M,갈색
1359,6,스핑크스,M,노랑
1360,3,코카 스파니엘,M,갈색
1361,1,백한,F,회색
1362,5,도베르만,M,검정
1363,2,그레이트 피레니즈,F,회색
1364,2,앵무새,M,회색
1365,5,도베르만,M,검정
1366,3,베들링턴 테리어,F,노랑
1367,1,혼합,M,검정
1368,6,보스턴 테리어,M,회색
1369,3,닥스훈트,F,노랑
1370,3,닥스훈트,F,흰색
1371,3,말티즈,M,흰색
1372,6,웰시 코기 카디건,F,회색
1373,1,혼합,F,갈색
1374,6,화이트리트리버,F,검정
1375,1,오골계,M,갈색
1376,1,믹스묘,M,흰색
1377,2,스핑크스,M,흰색
1378,4,웰시 코기 카디건,F,회색
1379,2,잉글리쉬 세터,M,검정
1380,1,슈나우져,M,흰색
1381,1,혼합,F,검정
1382,4,흑염소,F,검정
1383,1,레그돌,F,검정
1384,1,혼합,M,흰색
1385,4,골든 리트리버,M,노랑
1386,4,달마시안,M,갈색
1387,1,풍산견,F,갈색
1388,1,포메라니안,M,흰색
1389,6,달마시안,M,검정
1390,1,그레이 하운드,F,회색
1391,5,풍산견,F,흰색
1392,2,러시안 블루,F,회색
1393,4,치와와,M,노랑
1394,1,화이트테리어,F,갈색
1395,5,먼치킨,M,노랑
1396,2,비숑 프리제,M,흰색
1397,6,길고양이,F,검정
1398,5,혼합,F,갈색
1399,3,달마시안,M,갈색
1400,3,믹스묘,F,검정
1401,3,푸들,F,검정
1402,3,거북이,M,검정
1403,5,페르시안,F,검정
1404,3,코카 스파니엘,M,흰색
1405,3,믹스견,F,노랑
1406,3,노르웨이 숲,M,회색
1407,4,스핑크스,F,갈색
1408,2,스코티시 폴드,F,갈색
1409,1,스코티시 폴드,M,갈색
1410,1,말티즈,M,흰색
1411,2,말티즈,M,흰색
1412,3,달마시안,M,노랑
1413,4,아메리칸 쇼트헤어,F,회색
1414,5,비글,F,검정
1415,2,잉글리쉬 세터,M,노랑
1416,6,골든 리트리버,F,노랑
1417,5,요크셔테리어 믹스,M,노랑
1418,1,앵무새,M,흰색
1419,4,페르시안-페르시안 친칠라,M,노랑
1420,1,진도견,M,흰색
1421,1,오골계,M,검정
1422,2,시바,M,검정
1423,1,웰시 코기 펨브로크,M,검정
1424,3,저먼 포인터,M,갈색
1425,1,비숑 프리제,M,흰색
1426,5, 요크셔 테리어,M,흰색
1427,3,라브라도 리트리버,M,노랑
1428,4,이탈리안 그레이 하운드,F,노랑
1429,3,사모예드,M,검정
1430,4,스코티시 폴드,F,노랑
1431,6,브리타니 스파니엘,F,회색
1432,4,믹스,M,노랑
1433,4,노르웨이 숲,F,노랑
1434,4,그레이 하운드,F,회색
1435,1,이탈리안 그레이 하운드,M,회색
1436,5,저먼 셰퍼드 독,M,갈색
1437,6,오골계,M,검정
1438,4,먼치킨,F,갈색
1439,5,캉갈,M,갈색
1440,3,화이트리트리버,F,검정
1441,5,올드 잉글리쉬 쉽독,M,노랑
1442,4,이탈리안 그레이 하운드,M,검정
1443,4,믹스견,F,흰색
1444,3,길고양이,F,회색
1445,4,바센지,F,검정
1446,4,거북이,F,검정
1447,1,거북이,F,검정
1448,3,푸들,M,회색
1449,4,보더 콜리,M,갈색
1450,5,말티푸,F,회색
1451,4,먼치킨,F,갈색
1452,3,백한,F,흰색
1453,5,닥스훈트,F,갈색
1454,3,리트리버 믹스,F,갈색
1455,6,믹스,M,회색
1456,4,보어염소,F,회색
1457,2,길고양이,M,흰색
1458,2,슈나우져,M,갈색
1459,2,베들링턴 테리어,F,회색
1460,3,화이트테리어,M,노랑
1461,5,페르시안,F,노랑
1462,3,그레이트 피레니즈,M,회색
1463,6,샴,F,흰색
1464,5,도베르만,M,검정
1465,4,보어염소,M,노랑
1466,1,브리타니 스파니엘,M,검정
1467,2,라이카,F,회색
1468,4,치와와,M,노랑
1469,3,달마시안,F,검정
1470,3,오골계,M,갈색
1471,6,코카 스파니엘,F,검정
1472,2,화이트리트리버,M,흰색
1473,2,캉갈,F,흰색
1474,5,오골계,M,검정
1475,2,그레이 하운드,M,회색
1476,5,보더 콜리,M,흰색
1477,3,폼피츠,F,흰색
1478,3,염소,M,노랑
1479,4,비숑 프리제,F,흰색
1480,4,포메라니안,F,검정
1481,4,브리타니 스파니엘,M,노랑
1482,5,보스턴 테리어,M,흰색
1483,4,샴,M,검정
1484,4,러시안 블루,F,회색
1485,2,햄스터,F,노랑
1486,2,터키시 앙고라,F,갈색
1487,6,라브라도 리트리버,F,갈색
1488,2,기니피그,F,흰색
1489,5,풍산견,M,갈색
1490,6,토끼,M,검정
1491,4,비숑 프리제,M,흰색
1492,4,베들링턴 테리어,M,흰색
1493,5,잉글리쉬 세터,F,흰색
1494,5,도사,F,노랑
1495,3,혼합,M,회색
1496,1,노퍽 테리어,M,노랑
1497,1,코카 스파니엘,F,흰색
1498,3,아메리칸 쇼트헤어,F,검정
1499,1,라이카,M,흰색
1500,1,브리티시 쇼트헤어,M,갈색
1501,2,하일랜드 폴드,F,검정
1502,1,시츄,F,갈색
1503,4,요크셔테리어 믹스,M,검정
1504,6,도사,F,노랑
1505,3,잭 러셀 테리어,M,갈색
1506,6,포메라니안,F,회색
1507,2,닥스훈트,F,회색
1508,2,길고양이,M,흰색
1509,4,터키시 앙고라,M,검정
1510,4,비글,F,검정
1511,1,라이카,M,갈색
1512,2,올드 잉글리쉬 쉽독,F,흰색
1513,4,진도견,F,회색
1514,4,치와와,M,회색
1515,1,저먼 포인터,F,갈색
1516,5,페르시안,F,검정
1517,6,멘체스터테리어,F,회색
1518,1,폼피츠,F,회색
1519,1,믹스견,F,노랑
1520,5,올드 잉글리쉬 쉽독,F,노랑
1521,1,저먼 셰퍼드 독,M,검정
1522,2,올드 잉글리쉬 쉽독,F,노랑
1523,3,브리티시 쇼트헤어,M,갈색
1524,5,말티즈,M,흰색
1525,2,시베리안 허스키,F,갈색
1526,6,페르시안,M,갈색
1527,5,코카 스파니엘,F,흰색
1528,6,브리타니 스파니엘,F,흰색
1529,6,스핑크스,F,노랑
1530,3,차우차우,M,갈색
1531,3,샴,F,검정
1532,6,진도견,M,갈색
1533,3,염소,F,회색
1534,3,흑염소,M,검정
1535,3,믹스견,F,갈색
1536,3,진도견,M,흰색
1537,1,혼합,F,회색
1538,4,잭 러셀 테리어,F,회색
1539,4,아키다,F,흰색
1540,4,터키시 앙고라,M,회색
1541,5,노르웨이 숲,M,갈색
1542,6,품종묘믹스,M,검정
1543,2,앵무새,F,검정
1544,3,그레이트 피레니즈,F,갈색
1545,6,퍼그,M,노랑
1546,2,저먼 포인터,M,갈색
1547,5,요크셔테리어 믹스,M,갈색
1548,6,퍼그,M,노랑
1549,2,베들링턴 테리어,F,회색
1550,1,저먼 포인터,F,검정
1551,2,올드 잉글리쉬 쉽독,F,흰색
1552,3,저먼 셰퍼드 독,M,노랑
1553,5,샴,M,갈색
1554,4,백한,M,갈색
1555,2,저먼 포인터,F,회색
1556,6,길고양이,M,갈색
1557,2,달마시안,M,노랑
1558,6,퍼그,F,회색
1559,4,아메리칸 쇼트헤어,M,노랑
1560,3,레오파드 게코,F,회색
1561,3,비글,F,검정
1562,6,퍼그,F,흰색
1563,1,페르시안-페르시안 친칠라,F,갈색
1564,1,말티푸,M,검정
1565,2,비숑 프리제,F,흰색
1566,6,풍산견,M,회색
1567,3,잉글리쉬 세터,M,회색
1568,5,요크셔테리어 믹스,F,노랑
1569,5,요크셔테리어 믹스,M,회색
1570,1,삽살개,F,노랑
1571,1,발리네즈,F,검정
1572,6,레그돌,F,갈색
1573,2,앵무새,F,검정
1574,5,푸들,M,회색
1575,4,프렌치 불독,F,노랑
1576,3,보스턴 테리어,M,검정
1577,2,시츄,M,갈색
1578,5,보더 콜리,F,검정
1579,3,고슴도치,F,노랑
1580,3,품종묘믹스,F,검정
1581,4,라이카,M,갈색
1582,1,코카 스파니엘,F,회색
1583,5,치와와,F,갈색
1584,4,셰퍼드,F,갈색
1585,2,웰시 코기 카디건,M,검정
1586,4,혼합,M,노랑
1587,6,삽살개,M,검정
1588,3,슈나우져,F,노랑
1589,3,포메라니안,M,검정
1590,1,거북이,M,검정
1591,6,러시안 블루,M,회색
1592,5,토끼,F,갈색
1593,4,도베르만,F,검정
1594,4,오골계,F,검정
1595,4,고슴도치,F,노랑
1596,3,백한,M,회색
1597,3,토끼,M,회색
1598,5,비숑 프리제,M,흰색
1599,5,터키시 앙고라,M,회색
1600,6,샴,F,흰색
1601,6,보스턴 테리어,M,회색
1602,5,화이트리트리버,F,검정
1603,4,라브라도 리트리버,F,갈색
1604,2,노르웨이 숲,F,노랑
1605,4,토끼,M,검정
1606,3,요크셔테리어 믹스,M,회색
1607,3,거북이,M,검정
1608,3,브리타니 스파니엘,F,노랑
1609,2,거북이,F,검정
1610,4,폼피츠,F,노랑
1611,1,말티즈,F,흰색
1612,4,스코티시 폴드,F,노랑
1613,2,믹스묘,F,회색
1614,2,도베르만,M,검정
1615,3,레그돌,M,갈색
1616,4,리트리버 믹스,M,흰색
1617,1,보어염소,M,갈색
1618,5,길고양이,F,흰색
1619,4,슈나우저-진도개 믹스,M,회색
1620,5,잉글리쉬 세터,M,갈색
1621,2,셰퍼드,F,흰색
1622,4,그레이트 피레니즈,M,갈색
1623,4,골든 리트리버,M,노랑
1624,4,멘체스터테리어,F,노랑
1625,3,브리타니 스파니엘,F,갈색
1626,6,푸들,M,검정
1627,6,발리네즈,M,노랑
1628,1,잭 러셀 테리어,M,검정
1629,2,혼합,F,흰색
1630,6,화이트테리어,M,노랑
1631,5,아메리칸 쇼트헤어,M,흰색
1632,6,미텔 스피츠,F,검정
1633,1,닥스훈트,F,흰색
1634,3,말티즈,F,흰색
1635,4,거북이,M,검정
1636,1,토끼,M,흰색
1637,5,미텔 스피츠,F,갈색
1638,6,그레이 하운드,M,회색
1639,4,샴,F,흰색
1640,1,염소,F,노랑
1641,5,시바,M,갈색
1642,2,오골계,F,검정
1643,3,푸들,M,흰색
1644,2,진도견,F,흰색
1645,3,혼합,M,노랑
1646,2,진도견,F,검정
1647,1,골든 리트리버,M,노랑
1648,6,러시안 블루,M,회색
1649,5,품종묘믹스,F,회색
1650,3,닥스훈트,M,노랑
1651,5,러시안 블루,M,회색
1652,6,러시안 블루,F,회색
1653,3,백한,M,회색
1654,5,푸들,M,검정
1655,5,믹스견,F,갈색
1656,5,시츄,F,검정
1657,2,노퍽 테리어,F,갈색
1658,4,치와와,F,노랑
1659,1,화이트리트리버,F,흰색
1660,3,퍼그,M,갈색
1661,5,한국 고양이,M,흰색
1662,4,하일랜드 폴드,M,갈색
1663,5,라브라도 리트리버,M,흰색
1664,3,사모예드,M,회색
1665,4,치와와,M,흰색
1666,2,햄스터,M,노랑
1667,3,오리,M,흰색
1668,3,바센지,F,회색
1669,1,발리네즈,M,회색
1670,6,믹스묘,F,노랑
1671,2,러시안 블루,F,회색
1672,2,보스턴 테리어,F,흰색
1673,1,저먼 셰퍼드 독,M,회색
1674,5,웰시 코기 펨브로크,F,검정
1675,6,베들링턴 테리어,M,검정
1676,3,바센지,F,회색
1677,6,골든 리트리버,F,노랑
1678,5,발바리,M,흰색
1679,4,노퍽 테리어,M,갈색
1680,4,셰퍼드,F,노랑
1681,2,미텔 스피츠,M,회색
1682,5,토끼,F,흰색
1683,6,백한,M,노랑
1684,3,혼합,F,흰색
1685,1,백한,M,검정
1686,5,샴,F,검정
1687,4,시바,M,흰색
1688,3,도사,F,흰색
1689,2,혼합,M,노랑
1690,6,보더 콜리,M,회색
1691,1,말라뮤트,F,갈색
1692,5,하일랜드 폴드,M,갈색
1693,3,프렌치 불독,F,노랑
1694,1,브리티시 쇼트헤어,M,흰색
1695,3,노르웨이 숲,M,흰색
1696,4,폼피츠,M,흰색
1697,3,그레이트 피레니즈,M,회색
1698,4,저먼 포인터,M,흰색
1699,3,닥스훈트,M,검정